date,home_team,away_team,home_score,away_score,home_lineup,away_lineup
4-8-2017,Monaco ,Toulouse FC ,3,2,"['Danijel Subasic', 'Kamil Glik', 'Jemerson', 'Jorge', 'Djibril Sidibé', 'João Moutinho', 'Fabinho', 'Rony Lopes', 'Thomas Lemar', 'Radamel Falcao', 'Kylian Mbappé']","['Alban Lafont', 'Steeve Yago', 'Christopher Jullien', 'Kelvin Amian', 'François Moubandje', 'Alexis Blin', 'Zinédine Machach', 'Ibrahim Sangaré', 'Jimmy Durmaz', 'Andy Delort', 'Corentin Jean']"
5-8-2017,Paris S-G ,Amiens ,2,0,"['Alphonse Areola', 'Thiago Silva', 'Marquinhos', 'Dani Alves', 'Layvin Kurzawa', 'Thiago Motta', 'Marco Verratti', 'Adrien Rabiot', 'Ángel Di María', 'Javier Pastore', 'Edinson Cavani']","['Régis Gurtner', 'Khaled Adenon', 'Prince-Désir Gouano', 'Mathieu Bodmer', 'Oualid El Hajjam', 'Issa Cissokho', 'Thomas Monconduit', 'Tanguy Ndombele', 'Guessouma Fofana', 'Harisson Manzala', 'Bachibou Koita']"
5-8-2017,Lyon ,Strasbourg ,4,0,"['Anthony Lopes', 'Marcelo', 'Jérémy Morel', 'Rafael', 'Marçal', 'Lucas Tousart', 'Sergi Darder', 'Mariano', 'Bertrand Traoré', 'Nabil Fekir', 'Memphis Depay']","['Bingourou Kamara', 'Kader Mangane', 'Pablo Martinez', 'Yoann Salmier', 'Kenny Lala', 'Jonas Martin', 'Jean-Eudes Aholou', 'Dimitri Liénard', 'Benjamin Corgnet', 'Idriss Saadi', 'Nuno Da Costa']"
5-8-2017,Metz ,Guingamp ,1,3,"['Thomas Didillon', 'Fallou Diagne', 'Iván Balliu', 'Milan Bisevac', 'Simon Falette', 'Benoît Assou-Ekotto', 'Gerónimo Poblete', 'Renaud Cohade', 'Gauthier Hein', 'Yann Jouffre', 'Nolan Roux']","['Karl-Johan Johnsson', 'Christophe Kerbrat', 'Jérémy Sorbon', 'Jordan Ikoko', 'Pedro Rebocho', 'Lebogang Phiri', 'Lucas Deaux', 'Abdoul Camara', 'Marcus Coco', 'Yannis Salibur', 'Jimmy Briand']"
5-8-2017,Montpellier ,Caen ,1,0,"['Benjamin Lecomte', 'Daniel Congré', 'Pedro Mendes', 'Jérôme Roussillon', 'Nordi Mukiele', 'Paul Lasne', 'Ellyes Skhiri', 'Jonathan Ikoné', 'Kevin Bérigaud', 'Souleymane Camara', 'Isaac Mbenza']","['Rémy Vercoutre', 'Romain Genevois', 'Alexander Djiku', 'Frédéric Guilbert', 'Durel Avounou', 'Jonathan Delaplace', 'Julien Féret', 'Ronny Rodelin', 'Hervé Bazile', 'Vincent Bessat', 'Ivan Santini']"
5-8-2017,Saint-Etienne ,Nice ,1,0,"['Stéphane Ruffier', 'Loïc Perrin', 'K. Théophile-Catherine', 'Saidy Janko', 'Ronaël Pierre-Gabriel', 'Assane Dioussé', 'Ole Selnaes', 'Bryan Dabo', 'Romain Hamouma', 'Jonathan Bamba', 'Oussama Tannane']","['Yoan Cardinale', 'Maxime Le Marchand', 'Dante', 'Malang Sarr', 'Arnaud Souquet', 'Rémi Walter', 'Vincent Koziello', 'Pierre Lees-Melou', 'Valentin Eysseric', 'Bassem Srarfi', 'Alassane Pléa']"
5-8-2017,ESTAC Troyes ,Rennes ,1,1,"['Mamadou Samassa', 'Oswaldo Vizcarrondo', 'Christophe Hérelle', 'Johann Obiang', 'Mathieu Deplagne', 'Tristan Dingomé', 'Karim Azamoum', 'Samuel Grandsir', 'Benjamin Nivet', 'Stéphane Darbion', 'Adama Niane']","['Abdoulaye Diallo', 'Joris Gnagnon', 'Faitout Maouassa', 'Ludovic Baal', 'Hamari Traoré', 'Ramy Bensebaini', 'Benjamin André', 'Benjamin Bourigeaud', 'Adrien Hunou', 'Firmin Mubele', 'Ismaïla Sarr']"
6-8-2017,Lille ,Nantes ,3,0,"['Mike Maignan', 'Ibrahim Amadou', 'Edgar Ié', 'Junior Alonso', 'Fodé Ballo-Touré', 'Kévin Malcuit', 'Thiago Mendes', 'Nicolas de Préville', 'Anwar El Ghazi', 'Yassine Benzia', 'Luiz Araujo']","['Maxime Dupé', 'Koffi Djidji', 'Nicolas Pallois', 'Diego Carlos', 'Léo Dubois', 'Abdoulaye Touré', 'Valentin Rongier', 'Jules Iloki', 'Alex Kacaniklic', 'Préjuce Nakoulma', 'Emiliano Sala']"
6-8-2017,Angers ,Bordeaux ,2,2,"['Alexandre Letellier', 'Ismaël Traoré', 'Romain Thomas', 'Vincent Manceau', 'Lassana Coulibaly', 'Thomas Mangani', 'Baptiste Santamaria', 'Angelo Fulgini', 'Pierrick Capelle', 'Gilles Sunu', 'Baptiste Guillaume']","['Benoît Costil', 'Jérémy Toulalan', 'Vukasin Jovanovic', 'Youssouf Sabaly', 'Théo Pellenard', 'Younousse Sankharé', 'Lukas Lerager', 'Valentín Vada', 'Malcom', 'Alexandre Mendy', 'François Kamano']"
6-8-2017,Marseille ,Dijon ,3,0,"['Steve Mandanda', 'Adil Rami', 'Rolando', 'Patrice Evra', 'Hiroki Sakai', 'Luiz Gustavo', 'Morgan Sanson', 'Maxime Lopez', 'Dimitri Payet', 'Florian Thauvin', 'Valère Germain']","['Baptiste Reynet', 'Wesley Lautoa', 'Cédric Yambéré', 'Oussama Haddadi', 'Valentin Rosier', 'Romain Amalfitano', 'Jordan Marié', 'Naïm Sliti', 'Wesley Saïd', 'Benjamin Jeannot', 'Chang-hoon Kwon']"
11-8-2017,Nice ,ESTAC Troyes ,1,2,"['Yoan Cardinale', 'Malang Sarr', 'Dante', 'Maxime Le Marchand', 'Arnaud Souquet', 'Jean-Michaël Seri', 'Vincent Koziello', 'Pierre Lees-Melou', 'Bassem Srarfi', 'Allan Saint-Maximin', 'Alassane Pléa']","['Mamadou Samassa', 'Christophe Hérelle', 'Oswaldo Vizcarrondo', 'Mathieu Deplagne', 'Charles Traoré', 'François Bellugou', 'Tristan Dingomé', 'Samuel Grandsir', 'Benjamin Nivet', 'Stéphane Darbion', 'Adama Niane']"
11-8-2017,Rennes ,Lyon ,1,2,"['Abdoulaye Diallo', 'Mexer', 'Joris Gnagnon', 'Ludovic Baal', 'Ramy Bensebaini', 'Hamari Traoré', 'Faitout Maouassa', 'Benjamin André', 'Benjamin Bourigeaud', 'Firmin Mubele', 'Ismaïla Sarr']","['Anthony Lopes', 'Marcelo', 'Jérémy Morel', 'Rafael', 'Marçal', 'Lucas Tousart', 'Sergi Darder', 'Memphis Depay', 'Bertrand Traoré', 'Nabil Fekir', 'Mariano']"
12-8-2017,Nantes ,Marseille ,0,1,"['Ciprian Tatarusanu', 'Nicolas Pallois', 'Koffi Djidji', 'Chidozie Awaziem', 'Diego Carlos', 'Lucas Lima', 'Valentin Rongier', 'Abdoulaye Touré', 'Alex Kacaniklic', 'Yacine Bammou', 'Emiliano Sala']","['Steve Mandanda', 'Rolando', 'Adil Rami', 'Hiroki Sakai', 'Patrice Evra', 'Luiz Gustavo', 'Maxime Lopez', 'André Zambo Anguissa', 'Florian Thauvin', 'Clinton Njie', 'Valère Germain']"
12-8-2017,Amiens ,Angers ,0,2,"['Régis Gurtner', 'Mathieu Bodmer', 'Khaled Adenon', 'Bakaye Dibassy', 'Issa Cissokho', 'Thomas Monconduit', 'Guessouma Fofana', 'Charly Charrier', 'Gaël Kakuta', 'Harisson Manzala', 'Bachibou Koita']","['Alexandre Letellier', 'Romain Thomas', 'Mateo Pavlovic', 'Yoann Andreu', 'Vincent Manceau', 'Lassana Coulibaly', 'Baptiste Santamaria', 'Thomas Mangani', 'Pierrick Capelle', 'Gilles Sunu', 'Enzo Crivelli']"
12-8-2017,Bordeaux ,Metz ,2,0,"['Benoît Costil', 'Jérémy Toulalan', 'Vukasin Jovanovic', 'Youssouf Sabaly', 'Théo Pellenard', 'Younousse Sankharé', 'Lukas Lerager', 'Valentín Vada', 'Malcom', 'Alexandre Mendy', 'François Kamano']","['Thomas Didillon', 'Milan Bisevac', 'Chris Philipps', 'Fallou Diagne', 'Jonathan Rivierez', 'Benoît Assou-Ekotto', 'Gerónimo Poblete', 'Renaud Cohade', 'Yann Jouffre', 'Opa Nguette', 'Nolan Roux']"
12-8-2017,Caen ,Saint-Etienne ,0,1,"['Rémy Vercoutre', 'Alexander Djiku', 'Damien Da Silva', 'Frédéric Guilbert', 'Durel Avounou', 'Jonathan Delaplace', 'Julien Féret', 'Hervé Bazile', 'Vincent Bessat', 'Ronny Rodelin', 'Ivan Santini']","['Stéphane Ruffier', 'Loïc Perrin', 'K. Théophile-Catherine', 'Saidy Janko', 'Ronaël Pierre-Gabriel', 'Assane Dioussé', 'Bryan Dabo', 'Ole Selnaes', 'Romain Hamouma', 'Jonathan Bamba', 'Oussama Tannane']"
12-8-2017,Toulouse FC ,Montpellier ,1,0,"['Alban Lafont', 'Christopher Jullien', 'Kelvin Amian', 'Clément Michelin', 'François Moubandje', 'Yannick Cahuzac', 'Yann Bodiger', 'Zinédine Machach', 'Jimmy Durmaz', 'Ola Toivonen', 'Andy Delort']","['Benjamin Lecomte', 'Daniel Congré', 'Pedro Mendes', 'Jérôme Roussillon', 'Nordi Mukiele', 'Paul Lasne', 'Ellyes Skhiri', 'Kevin Bérigaud', 'Giovanni Sio', 'Souleymane Camara', 'Isaac Mbenza']"
13-8-2017,Strasbourg ,Lille ,3,0,"['Bingourou Kamara', 'Yoann Salmier', 'Kader Mangane', 'Pablo Martinez', 'Kenny Lala', 'Jonas Martin', 'Jean-Eudes Aholou', 'Benjamin Corgnet', 'Nuno Da Costa', 'Idriss Saadi', 'Ihsan Sacko']","['Mike Maignan', 'Ibrahim Amadou', 'Edgar Ié', 'Junior Alonso', 'Fodé Ballo-Touré', 'Kévin Malcuit', 'Thiago Mendes', 'Yassine Benzia', 'Luiz Araujo', 'Nicolas de Préville', 'Anwar El Ghazi']"
13-8-2017,Dijon ,Monaco ,1,4,"['Baptiste Reynet', 'Adam Lang', 'Cédric Varrault', 'Cédric Yambéré', 'Valentin Rosier', 'Arnold Bouka Moutou', 'Romain Amalfitano', 'Jordan Marié', 'Naïm Sliti', 'Wesley Saïd', 'Chang-hoon Kwon']","['Danijel Subasic', 'Jemerson', 'Kamil Glik', 'Djibril Sidibé', 'Jorge', 'João Moutinho', 'Fabinho', 'Rony Lopes', 'Thomas Lemar', 'Radamel Falcao', 'Adama Diakhaby']"
13-8-2017,Guingamp ,Paris S-G ,0,3,"['Karl-Johan Johnsson', 'Christophe Kerbrat', 'Jérémy Sorbon', 'Jordan Ikoko', 'Pedro Rebocho', 'Etienne Didot', 'Lucas Deaux', 'Abdoul Camara', 'Marcus Coco', 'Yannis Salibur', 'Jimmy Briand']","['Alphonse Areola', 'Thiago Silva', 'Marquinhos', 'Layvin Kurzawa', 'Dani Alves', 'Thiago Motta', 'Marco Verratti', 'Adrien Rabiot', 'Ángel Di María', 'Neymar', 'Edinson Cavani']"
18-8-2017,Metz ,Monaco ,0,1,"['Thomas Didillon', 'Fallou Diagne', 'Jonathan Rivierez', 'Benoît Assou-Ekotto', 'Moussa Niakhaté', 'Gerónimo Poblete', 'Cafú', 'Renaud Cohade', 'Yann Jouffre', 'Ablie Jallow', 'Nolan Roux']","['Danijel Subasic', 'Jemerson', 'Kamil Glik', 'Jorge', 'Djibril Sidibé', 'Fabinho', 'João Moutinho', 'Rony Lopes', 'Thomas Lemar', 'Adama Diakhaby', 'Radamel Falcao']"
19-8-2017,Lyon ,Bordeaux ,3,3,"['Anthony Lopes', 'Marcelo', 'Jérémy Morel', 'Marçal', 'Kenny Tete', 'Lucas Tousart', 'Sergi Darder', 'Memphis Depay', 'Mariano', 'Bertrand Traoré', 'Nabil Fekir']","['Benoît Costil', 'Jérémy Toulalan', 'Vukasin Jovanovic', 'Youssouf Sabaly', 'Théo Pellenard', 'Younousse Sankharé', 'Lukas Lerager', 'Valentín Vada', 'Malcom', 'Alexandre Mendy', 'François Kamano']"
19-8-2017,Montpellier ,Strasbourg ,1,1,"['Benjamin Lecomte', 'Daniel Congré', 'Pedro Mendes', 'Nordi Mukiele', 'Ruben Aguilar', 'Facundo Píriz', 'Paul Lasne', 'Stéphane Sessègnon', 'Kevin Bérigaud', 'Isaac Mbenza', 'Giovanni Sio']","['Bingourou Kamara', 'Kader Mangane', 'Pablo Martinez', 'Yoann Salmier', 'Kenny Lala', 'Anthony Gonçalves', 'Jonas Martin', 'Jean-Eudes Aholou', 'Benjamin Corgnet', 'Ihsan Sacko', 'Idriss Saadi']"
19-8-2017,Nice ,Guingamp ,2,0,"['Yoan Cardinale', 'Dante', 'Maxime Le Marchand', 'Christophe Jallet', 'Arnaud Souquet', 'Adrien Tameze', 'Jean-Michaël Seri', 'Rémi Walter', 'Wesley Sneijder', 'Pierre Lees-Melou', 'Alassane Pléa']","['Karl-Johan Johnsson', 'Christophe Kerbrat', 'Jérémy Sorbon', 'Jordan Ikoko', 'Pedro Rebocho', 'Lebogang Phiri', 'Lucas Deaux', 'Etienne Didot', 'Abdoul Camara', 'Ludovic Blas', 'Jimmy Briand']"
19-8-2017,Rennes ,Dijon ,2,2,"['Abdoulaye Diallo', 'Mexer', 'Joris Gnagnon', 'Faitout Maouassa', 'Hamari Traoré', 'Ramy Bensebaini', 'Benjamin André', 'Morgan Amalfitano', 'Benjamin Bourigeaud', 'Firmin Mubele', 'Ismaïla Sarr']","['Baptiste Reynet', 'Cédric Varrault', 'Cédric Yambéré', 'Oussama Haddadi', 'Fouad Chafik', 'Florent Balmont', 'Romain Amalfitano', 'Jordan Marié', 'Frédéric Sammaritano', 'Naïm Sliti', 'Chang-hoon Kwon']"
19-8-2017,Saint-Etienne ,Amiens ,3,0,"['Stéphane Ruffier', 'Loïc Perrin', 'K. Théophile-Catherine', 'Saidy Janko', 'Ronaël Pierre-Gabriel', 'Assane Dioussé', 'Bryan Dabo', 'Ole Selnaes', 'Jonathan Bamba', 'Romain Hamouma', 'Loïs Diony']","['Régis Gurtner', 'Mathieu Bodmer', 'Khaled Adenon', 'Prince-Désir Gouano', 'Bakaye Dibassy', 'Julien Ielsch', 'Oualid El Hajjam', 'Thomas Monconduit', 'Tanguy Ndombele', 'Gaël Kakuta', 'Moussa Konaté']"
19-8-2017,ESTAC Troyes ,Nantes ,0,1,"['Mamadou Samassa', 'Oswaldo Vizcarrondo', 'Christophe Hérelle', 'Mathieu Deplagne', 'Charles Traoré', 'Karim Azamoum', 'Tristan Dingomé', 'Samuel Grandsir', 'Stéphane Darbion', 'Benjamin Nivet', 'Adama Niane']","['Ciprian Tatarusanu', 'Koffi Djidji', 'Anthony Walongwa', 'Chidozie Awaziem', 'Andrei Girotto', 'Lucas Lima', 'David Alcibiade', 'Abdoulaye Touré', 'Jules Iloki', 'Adrien Thomasson', 'Emiliano Sala']"
20-8-2017,Lille ,Caen ,0,2,"['Hervé Kouakou Koffi', 'Ibrahim Amadou', 'Edgar Ié', 'Junior Alonso', 'Fodé Ballo-Touré', 'Thiago Maia', 'Yves Bissouma', 'Luiz Araujo', 'Yassine Benzia', 'Anwar El Ghazi', 'Nicolas Pépé']","['Rémy Vercoutre', 'Damien Da Silva', 'Alexander Djiku', 'Frédéric Guilbert', 'Adama Mbengue', 'Youssef Aït Bennasser', 'Julien Féret', 'Ronny Rodelin', 'Hervé Bazile', 'Vincent Bessat', 'Ivan Santini']"
20-8-2017,Marseille ,Angers ,1,1,"['Steve Mandanda', 'Adil Rami', 'Rolando', 'Jordan Amavi', 'Bouna Sarr', 'Luiz Gustavo', 'Morgan Sanson', 'André Zambo Anguissa', 'Lucas Ocampos', 'Florian Thauvin', 'Clinton Njie']","['Alexandre Letellier', 'Mateo Pavlovic', 'Romain Thomas', 'Yoann Andreu', 'Vincent Manceau', 'Lassana Coulibaly', 'Baptiste Santamaria', 'Thomas Mangani', 'Angelo Fulgini', 'Karl Toko Ekambi', 'Enzo Crivelli']"
20-8-2017,Paris S-G ,Toulouse FC ,6,2,"['Alphonse Areola', 'Thiago Silva', 'Presnel Kimpembe', 'Dani Alves', 'Layvin Kurzawa', 'Thiago Motta', 'Marco Verratti', 'Adrien Rabiot', 'Ángel Di María', 'Edinson Cavani', 'Neymar']","['Alban Lafont', 'Christopher Jullien', 'Issa Diop', 'Kelvin Amian', 'François Moubandje', 'Alexis Blin', 'Jimmy Durmaz', 'Ola Toivonen', 'Max-Alain Gradel', 'Somalia', 'Andy Delort']"
25-8-2017,Paris S-G ,Saint-Etienne ,3,0,"['Alphonse Areola', 'Marquinhos', 'Presnel Kimpembe', 'Layvin Kurzawa', 'Thomas Meunier', 'Thiago Motta', 'Adrien Rabiot', 'Ángel Di María', 'Javier Pastore', 'Edinson Cavani', 'Neymar']","['Stéphane Ruffier', 'K. Théophile-Catherine', 'Loïc Perrin', 'Gabriel Silva', 'Saidy Janko', 'Ronaël Pierre-Gabriel', 'Habib Maïga', 'Bryan Dabo', 'Ole Selnaes', 'Romain Hamouma', 'Jonathan Bamba']"
26-8-2017,Nantes ,Lyon ,0,0,"['Ciprian Tatarusanu', 'Andrei Girotto', 'Nicolas Pallois', 'Koffi Djidji', 'Diego Carlos', 'Léo Dubois', 'Abdoulaye Touré', 'Adrien Thomasson', 'Jules Iloki', 'Kalifa Coulibaly', 'Emiliano Sala']","['Anthony Lopes', 'Marcelo', 'Jérémy Morel', 'Maxwel Cornet', 'Ferland Mendy', 'Kenny Tete', 'Lucas Tousart', 'Jordan Ferri', 'Mariano', 'Bertrand Traoré', 'Nabil Fekir']"
26-8-2017,Amiens ,Nice ,3,0,"['Régis Gurtner', 'Khaled Adenon', 'Prince-Désir Gouano', 'Bakaye Dibassy', 'Julien Ielsch', 'Oualid El Hajjam', 'Thomas Monconduit', 'Tanguy Ndombele', 'Gaël Kakuta', 'Emmanuel Bourgaud', 'Moussa Konaté']","['Yoan Cardinale', 'Maxime Le Marchand', 'Dante', 'Christophe Jallet', 'Arnaud Souquet', 'Adrien Tameze', 'Rémi Walter', 'Vincent Koziello', 'Wesley Sneijder', 'Pierre Lees-Melou', 'Alassane Pléa']"
26-8-2017,Bordeaux ,ESTAC Troyes ,2,1,"['Benoît Costil', 'Jérémy Toulalan', 'Vukasin Jovanovic', 'Youssouf Sabaly', 'Théo Pellenard', 'Otávio', 'Lukas Lerager', 'Younousse Sankharé', 'Malcom', 'Jonathan Cafú', 'François Kamano']","['Mamadou Samassa', 'Oswaldo Vizcarrondo', 'Christophe Hérelle', 'Mathieu Deplagne', 'Charles Traoré', 'François Bellugou', 'Tristan Dingomé', 'Samuel Grandsir', 'Benjamin Nivet', 'Stéphane Darbion', 'Adama Niane']"
26-8-2017,Caen ,Metz ,1,0,"['Rémy Vercoutre', 'Damien Da Silva', 'Alexander Djiku', 'Frédéric Guilbert', 'Adama Mbengue', 'Durel Avounou', 'Youssef Aït Bennasser', 'Julien Féret', 'Christian Kouakou', 'Ronny Rodelin', 'Ivan Santini']","['Eiji Kawashima', 'Iván Balliu', 'Fallou Diagne', 'Milan Bisevac', 'Benoît Assou-Ekotto', 'Gerónimo Poblete', 'Renaud Cohade', 'Cafú', 'Ablie Jallow', 'Opa Nguette', 'Nolan Roux']"
26-8-2017,Dijon ,Montpellier ,2,1,"['Baptiste Reynet', 'Adam Lang', 'Cédric Yambéré', 'Oussama Haddadi', 'Fouad Chafik', 'Romain Amalfitano', 'Jordan Marié', 'Naïm Sliti', 'Chang-hoon Kwon', 'Benjamin Jeannot', 'Wesley Saïd']","['Benjamin Lecomte', 'Daniel Congré', 'Pedro Mendes', 'Nordi Mukiele', 'Jérôme Roussillon', 'Paul Lasne', 'Facundo Píriz', 'Keagan Dolly', 'Isaac Mbenza', 'Casimir Ninga', 'Giovanni Sio']"
26-8-2017,Toulouse FC ,Rennes ,3,2,"['Alban Lafont', 'Christopher Jullien', 'Issa Diop', 'Kelvin Amian', 'François Moubandje', 'Yannick Cahuzac', 'Jimmy Durmaz', 'Max-Alain Gradel', 'Ola Toivonen', 'Andy Delort', 'Somalia']","[""Raïs Ouahab M'Bolhi"", 'Joris Gnagnon', 'Mexer', 'Faitout Maouassa', 'Hamari Traoré', 'Ramy Bensebaini', 'Benjamin André', 'Benjamin Bourigeaud', 'Morgan Amalfitano', 'Ismaïla Sarr', 'Firmin Mubele']"
27-8-2017,Guingamp ,Strasbourg ,2,0,"['Karl-Johan Johnsson', 'Jérémy Sorbon', 'Christophe Kerbrat', 'Jonathan Martins Pereira', 'Jordan Ikoko', 'Lebogang Phiri', 'Moustapha Diallo', 'Marcus Coco', 'Marcus Thuram', 'Jimmy Briand', 'Yannis Salibur']","['Bingourou Kamara', 'Pablo Martinez', 'Yoann Salmier', 'Kader Mangane', 'Kenny Lala', 'Jean-Eudes Aholou', 'Jonas Martin', 'Benjamin Corgnet', 'Ihsan Sacko', 'Martin Terrier', 'Idriss Saadi']"
27-8-2017,Angers ,Lille ,1,1,"['Alexandre Letellier', 'Romain Thomas', 'Mateo Pavlovic', 'Vincent Manceau', 'Yoann Andreu', 'Thomas Mangani', 'Lassana Coulibaly', 'Baptiste Santamaria', 'Pierrick Capelle', 'Angelo Fulgini', 'Enzo Crivelli']","['Mike Maignan', 'Ibrahim Amadou', 'Junior Alonso', 'Edgar Ié', 'Kévin Malcuit', 'Thiago Maia', 'Yves Bissouma', 'Nicolas de Préville', 'Nicolas Pépé', 'Anwar El Ghazi', 'Luiz Araujo']"
27-8-2017,Monaco ,Marseille ,6,1,"['Danijel Subasic', 'Kamil Glik', 'Jemerson', 'Djibril Sidibé', 'Jorge', 'João Moutinho', 'Fabinho', 'Thomas Lemar', 'Rony Lopes', 'Radamel Falcao', 'Adama Diakhaby']","['Steve Mandanda', 'Doria', 'Rolando', 'Tomas Hubocan', 'Jordan Amavi', 'Hiroki Sakai', 'Luiz Gustavo', 'Morgan Sanson', 'Grégory Sertic', 'Florian Thauvin', 'Valère Germain']"
8-9-2017,Lille ,Bordeaux ,0,0,"['Mike Maignan', 'Junior Alonso', 'Ibrahim Amadou', 'Edgar Ié', 'Kévin Malcuit', 'Thiago Maia', 'Yves Bissouma', 'Nicolas Pépé', 'Yassine Benzia', 'Anwar El Ghazi', 'Luiz Araujo']","['Benoît Costil', 'Jérémy Toulalan', 'Vukasin Jovanovic', 'Youssouf Sabaly', 'Théo Pellenard', 'Otávio', 'Younousse Sankharé', 'Lukas Lerager', 'Malcom', 'François Kamano', 'Nicolas de Préville']"
8-9-2017,Metz ,Paris S-G ,1,5,"['Eiji Kawashima', 'Chris Philipps', 'Milan Bisevac', 'Iván Balliu', 'Benoît Assou-Ekotto', 'Moussa Niakhaté', 'Cafú', 'Renaud Cohade', 'Mathieu Dossevi', 'Emmanuel Rivière', 'Nolan Roux']","['Alphonse Areola', 'Marquinhos', 'Presnel Kimpembe', 'Thomas Meunier', 'Yuri Berchiche', 'Thiago Motta', 'Adrien Rabiot', 'Julian Draxler', 'Edinson Cavani', 'Kylian Mbappé', 'Neymar']"
9-9-2017,Nice ,Monaco ,4,0,"['Yoan Cardinale', 'Maxime Le Marchand', 'Marlon', 'Christophe Jallet', 'Arnaud Souquet', 'Jean-Michaël Seri', 'Vincent Koziello', 'Pierre Lees-Melou', 'Mario Balotelli', 'Allan Saint-Maximin', 'Alassane Pléa']","['Danijel Subasic', 'Jemerson', 'Kamil Glik', 'Djibril Sidibé', 'Jorge', 'Fabinho', 'João Moutinho', 'Rony Lopes', 'Thomas Lemar', 'Radamel Falcao', 'Adama Diakhaby']"
9-9-2017,Caen ,Dijon ,2,1,"['Rémy Vercoutre', 'Alexander Djiku', 'Damien Da Silva', 'Frédéric Guilbert', 'Adama Mbengue', 'Youssef Aït Bennasser', 'Jan Repas', 'Julien Féret', 'Vincent Bessat', 'Ronny Rodelin', 'Ivan Santini']","['Baptiste Reynet', 'Cédric Yambéré', 'Oussama Haddadi', 'Papy Djilobodji', 'Fouad Chafik', 'Jordan Marié', 'Romain Amalfitano', 'Naïm Sliti', 'Wesley Saïd', 'Benjamin Jeannot', 'Julio Tavarès']"
9-9-2017,Montpellier ,Nantes ,0,1,"['Benjamin Lecomte', 'Vitorino Hilton', 'Pedro Mendes', 'Jérôme Roussillon', 'Nordi Mukiele', 'Paul Lasne', 'Ellyes Skhiri', 'Jonathan Ikoné', 'Kevin Bérigaud', 'Isaac Mbenza', 'Giovanni Sio']","['Ciprian Tatarusanu', 'Koffi Djidji', 'Andrei Girotto', 'Diego Carlos', 'Nicolas Pallois', 'Lucas Lima', 'Léo Dubois', 'Abdoulaye Touré', 'Jules Iloki', 'Adrien Thomasson', 'Emiliano Sala']"
9-9-2017,Strasbourg ,Amiens ,0,1,"['Bingourou Kamara', 'Kader Mangane', 'Pablo Martinez', 'Yoann Salmier', 'Kenny Lala', 'Jonas Martin', 'Jean-Eudes Aholou', 'Benjamin Corgnet', 'Idriss Saadi', 'Nuno Da Costa', 'Ihsan Sacko']","['Régis Gurtner', 'Khaled Adenon', 'Prince-Désir Gouano', 'Bakaye Dibassy', 'Oualid El Hajjam', 'Julien Ielsch', ""Guy N'Gosso"", 'Thomas Monconduit', 'Serge Gakpé', 'Gaël Kakuta', 'Moussa Konaté']"
9-9-2017,ESTAC Troyes ,Toulouse FC ,0,0,"['Mamadou Samassa', 'Oswaldo Vizcarrondo', 'Christophe Hérelle', 'Mathieu Deplagne', 'Charles Traoré', 'François Bellugou', 'Tristan Dingomé', 'Karim Azamoum', 'Stéphane Darbion', 'Samuel Grandsir', 'Adama Niane']","['Alban Lafont', 'Christopher Jullien', 'Issa Diop', 'Kelvin Amian', 'François Moubandje', 'Yannick Cahuzac', 'Giannelli Imbula', 'Jimmy Durmaz', 'Andy Delort', 'Somalia', 'Corentin Jean']"
10-9-2017,Saint-Etienne ,Angers ,1,1,"['Stéphane Ruffier', 'Loïc Perrin', 'Léo Lacroix', 'Saidy Janko', 'Ronaël Pierre-Gabriel', 'Assane Dioussé', 'Vincent Pajot', 'Bryan Dabo', 'Romain Hamouma', 'Rémy Cabella', 'Loïs Diony']","['Alexandre Letellier', 'Romain Thomas', 'Ismaël Traoré', 'Yoann Andreu', 'Abdoulaye Bamba', 'Baptiste Santamaria', 'Thomas Mangani', 'Angelo Fulgini', 'Pierrick Capelle', 'Karl Toko Ekambi', 'Enzo Crivelli']"
10-9-2017,Lyon ,Guingamp ,2,1,"['Anthony Lopes', 'Marcelo', 'Jérémy Morel', 'Rafael', 'Marçal', 'Christopher Martins', 'Lucas Tousart', 'Bertrand Traoré', 'Memphis Depay', 'Nabil Fekir', 'Mariano']","['Karl-Johan Johnsson', 'Jérémy Sorbon', 'Christophe Kerbrat', 'Pedro Rebocho', 'Jordan Ikoko', 'Etienne Didot', 'Lucas Deaux', 'Moustapha Diallo', 'Abdoul Camara', 'Jimmy Briand', 'Marcus Thuram']"
10-9-2017,Marseille ,Rennes ,1,3,"['Steve Mandanda', 'Aymen Abdennour', 'Adil Rami', 'Hiroki Sakai', 'Patrice Evra', 'Maxime Lopez', 'Grégory Sertic', 'Morgan Sanson', 'Florian Thauvin', 'Dimitri Payet', 'Valère Germain']","['Tomas Koubek', 'Gerzino Nyamsi', 'Joris Gnagnon', 'Hamari Traoré', 'Ludovic Baal', 'Benjamin André', 'Sanjin Prcic', 'Wahbi Khazri', 'Benjamin Bourigeaud', 'Ismaïla Sarr', 'Firmin Mubele']"
15-9-2017,Toulouse FC ,Bordeaux ,0,1,"['Alban Lafont', 'Kelvin Amian', 'Christopher Jullien', 'Issa Diop', 'François Moubandje', 'Giannelli Imbula', 'Jimmy Durmaz', 'Somalia', 'Ola Toivonen', 'Andy Delort', 'Corentin Jean']","['Benoît Costil', 'Jérémy Toulalan', 'Vukasin Jovanovic', 'Youssouf Sabaly', 'Théo Pellenard', 'Otávio', 'Younousse Sankharé', 'Lukas Lerager', 'Malcom', 'François Kamano', 'Nicolas de Préville']"
16-9-2017,Monaco ,Strasbourg ,3,0,"['Diego Benaglio', 'Kamil Glik', 'Jemerson', 'Jorge', 'Djibril Sidibé', 'Youri Tielemans', 'Fabinho', 'Rony Lopes', 'Rachid Ghezzal', 'Radamel Falcao', 'Stevan Jovetic']","['Bingourou Kamara', 'Pablo Martinez', 'Kader Mangane', 'Ernest Seka', 'Bakary Koné', 'Jonas Martin', 'Jean-Eudes Aholou', 'Ihsan Sacko', 'Martin Terrier', 'Idriss Saadi', 'Nuno Da Costa']"
16-9-2017,Dijon ,Saint-Etienne ,0,1,"['Baptiste Reynet', 'Papy Djilobodji', 'Cédric Yambéré', 'Valentin Rosier', 'Fouad Chafik', 'Xeka', 'Jordan Marié', 'Naïm Sliti', 'Wesley Saïd', 'Julio Tavarès', 'Benjamin Jeannot']","['Stéphane Ruffier', 'Loïc Perrin', 'K. Théophile-Catherine', 'Saidy Janko', 'Ronaël Pierre-Gabriel', 'Habib Maïga', 'Ole Selnaes', 'Bryan Dabo', 'Rémy Cabella', 'Jonathan Bamba', 'Loïs Diony']"
16-9-2017,Guingamp ,Lille ,1,0,"['Karl-Johan Johnsson', 'Felix Eboa Eboa', 'Christophe Kerbrat', 'Pedro Rebocho', 'Jordan Ikoko', 'Lebogang Phiri', 'Lucas Deaux', 'Abdoul Camara', 'Yannis Salibur', 'Jimmy Briand', 'Marcus Thuram']","['Mike Maignan', 'Edgar Ié', 'Ibrahim Amadou', 'Junior Alonso', 'Fodé Ballo-Touré', 'Kévin Malcuit', 'Yves Bissouma', 'Luiz Araujo', 'Yassine Benzia', 'Nicolas Pépé', 'Anwar El Ghazi']"
16-9-2017,Nantes ,Caen ,1,0,"['Ciprian Tatarusanu', 'Koffi Djidji', 'Andrei Girotto', 'Nicolas Pallois', 'Chidozie Awaziem', 'Lucas Lima', 'Léo Dubois', 'Abdoulaye Touré', 'Jules Iloki', 'Adrien Thomasson', 'Emiliano Sala']","['Rémy Vercoutre', 'Romain Genevois', 'Damien Da Silva', 'Frédéric Guilbert', 'Youssef Aït Bennasser', 'Jan Repas', 'Julien Féret', 'Christian Kouakou', 'Vincent Bessat', 'Ronny Rodelin', 'Ivan Santini']"
16-9-2017,ESTAC Troyes ,Montpellier ,0,1,"['Mamadou Samassa', 'Oswaldo Vizcarrondo', 'Christophe Hérelle', 'Mathieu Deplagne', 'Charles Traoré', 'François Bellugou', 'Karim Azamoum', 'Tristan Dingomé', 'Samuel Grandsir', 'Stéphane Darbion', 'Adama Niane']","['Benjamin Lecomte', 'Vitorino Hilton', 'Pedro Mendes', 'Jérôme Roussillon', 'Junior Sambia', 'Nordi Mukiele', 'Ruben Aguilar', 'Ellyes Skhiri', 'Paul Lasne', 'Stéphane Sessègnon', 'Casimir Ninga']"
17-9-2017,Amiens ,Marseille ,0,2,"['Régis Gurtner', 'Khaled Adenon', 'Prince-Désir Gouano', 'Bakaye Dibassy', 'Julien Ielsch', 'Oualid El Hajjam', 'Thomas Monconduit', 'Bongani Zungu', 'Harisson Manzala', 'Gaël Kakuta', 'Moussa Konaté']","['Yohann Pelé', 'Rolando', 'Adil Rami', 'Jordan Amavi', 'Hiroki Sakai', 'Luiz Gustavo', 'André Zambo Anguissa', 'Florian Thauvin', 'Dimitri Payet', 'Lucas Ocampos', 'Clinton Njie']"
17-9-2017,Angers ,Metz ,0,1,"['Alexandre Letellier', 'Romain Thomas', 'Ismaël Traoré', 'Yoann Andreu', 'Abdoulaye Bamba', 'Baptiste Santamaria', 'Thomas Mangani', 'Angelo Fulgini', 'Pierrick Capelle', 'Karl Toko Ekambi', 'Baptiste Guillaume']","['Eiji Kawashima', 'Chris Philipps', 'Milan Bisevac', 'Iván Balliu', 'Moussa Niakhaté', 'Matthieu Udol', 'Gerónimo Poblete', 'Renaud Cohade', 'Mathieu Dossevi', 'Nolan Roux', 'Opa Nguette']"
17-9-2017,Rennes ,Nice ,0,1,"['Tomas Koubek', 'Joris Gnagnon', 'Hamari Traoré', 'Ludovic Baal', 'Ramy Bensebaini', 'Benjamin André', 'Sanjin Prcic', 'Morgan Amalfitano', 'Wahbi Khazri', 'Benjamin Bourigeaud', 'Ismaïla Sarr']","['Yoan Cardinale', 'Marlon', 'Dante', 'Christophe Jallet', 'Arnaud Souquet', 'Jean-Michaël Seri', 'Vincent Koziello', 'Pierre Lees-Melou', 'Allan Saint-Maximin', 'Mario Balotelli', 'Alassane Pléa']"
17-9-2017,Paris S-G ,Lyon ,2,0,"['Alphonse Areola', 'Presnel Kimpembe', 'Thiago Silva', 'Layvin Kurzawa', 'Dani Alves', 'Thiago Motta', 'Adrien Rabiot', 'Julian Draxler', 'Edinson Cavani', 'Neymar', 'Kylian Mbappé']","['Anthony Lopes', 'Marcelo', 'Jérémy Morel', 'Kenny Tete', 'Ferland Mendy', 'Lucas Tousart', 'Tanguy Ndombele', 'Memphis Depay', 'Mariano', 'Bertrand Traoré', 'Nabil Fekir']"
22-9-2017,Nice ,Angers ,2,2,"['Yoan Cardinale', 'Dante', 'Maxime Le Marchand', 'Christophe Jallet', 'Arnaud Souquet', 'Nampalys Mendy', 'Vincent Koziello', 'Pierre Lees-Melou', 'Mario Balotelli', 'Alassane Pléa', 'Allan Saint-Maximin']","['Alexandre Letellier', 'Mehdi Tahrat', 'Romain Thomas', 'Mateo Pavlovic', 'Ismaël Traoré', 'Yoann Andreu', 'Vincent Manceau', 'Thomas Mangani', 'Flavien Tait', 'Angelo Fulgini', 'Karl Toko Ekambi']"
22-9-2017,Lille ,Monaco ,0,4,"['Mike Maignan', 'Ibrahim Amadou', 'Edgar Ié', 'Junior Alonso', 'Thiago Maia', 'Yves Bissouma', 'Rominigue Kouamé', 'Yassine Benzia', 'Anwar El Ghazi', 'Luiz Araujo', 'Nicolas Pépé']","['Diego Benaglio', 'Kamil Glik', 'Jemerson', 'Jorge', 'Almamy Touré', 'João Moutinho', 'Fabinho', 'Rachid Ghezzal', 'Rony Lopes', 'Radamel Falcao', 'Stevan Jovetic']"
23-9-2017,Montpellier ,Paris S-G ,0,0,"['Benjamin Lecomte', 'Vitorino Hilton', 'Pedro Mendes', 'Daniel Congré', 'Jérôme Roussillon', 'Junior Sambia', 'Ruben Aguilar', 'Paul Lasne', 'Ellyes Skhiri', 'Stéphane Sessègnon', 'Casimir Ninga']","['Alphonse Areola', 'Marquinhos', 'Thiago Silva', 'Thomas Meunier', 'Yuri Berchiche', 'Thiago Motta', 'Marco Verratti', 'Adrien Rabiot', 'Julian Draxler', 'Edinson Cavani', 'Kylian Mbappé']"
23-9-2017,Bordeaux ,Guingamp ,3,1,"['Benoît Costil', 'Jérémy Toulalan', 'Vukasin Jovanovic', 'Youssouf Sabaly', 'Théo Pellenard', 'Otávio', 'Lukas Lerager', 'Younousse Sankharé', 'Malcom', 'Nicolas de Préville', 'François Kamano']","['Karl-Johan Johnsson', 'Christophe Kerbrat', 'Felix Eboa Eboa', 'Jérémy Sorbon', 'Jordan Ikoko', 'Etienne Didot', 'Lucas Deaux', 'Abdoul Camara', 'Jimmy Briand', 'Yannis Salibur', 'Marcus Thuram']"
23-9-2017,Caen ,Amiens ,1,0,"['Rémy Vercoutre', 'Romain Genevois', 'Damien Da Silva', 'Adama Mbengue', 'Frédéric Guilbert', 'Jonathan Delaplace', 'Jan Repas', 'Julien Féret', 'Hervé Bazile', 'Ronny Rodelin', 'Ivan Santini']","['Régis Gurtner', 'Prince-Désir Gouano', 'Khaled Adenon', 'Oualid El Hajjam', 'Issa Cissokho', 'Danilo Avelar', 'Thomas Monconduit', 'Bongani Zungu', 'Harisson Manzala', 'Gaël Kakuta', 'Moussa Konaté']"
23-9-2017,Lyon ,Dijon ,3,3,"['Anthony Lopes', 'Marcelo', 'Jérémy Morel', 'Kenny Tete', 'Ferland Mendy', 'Lucas Tousart', 'Houssem Aouar', 'Tanguy Ndombele', 'Mariano', 'Bertrand Traoré', 'Nabil Fekir']","['Baptiste Reynet', 'Papy Djilobodji', 'Cédric Yambéré', 'Fouad Chafik', 'Valentin Rosier', 'Jordan Marié', 'Romain Amalfitano', 'Xeka', 'Naïm Sliti', 'Chang-hoon Kwon', 'Benjamin Jeannot']"
23-9-2017,Metz ,ESTAC Troyes ,0,1,"['Thomas Didillon', 'Chris Philipps', 'Milan Bisevac', 'Iván Balliu', 'Moussa Niakhaté', 'Matthieu Udol', 'Gerónimo Poblete', 'Renaud Cohade', 'Mathieu Dossevi', 'Nolan Roux', 'Opa Nguette']","['Mamadou Samassa', 'Christophe Hérelle', 'Jimmy Giraudon', 'Charles Traoré', 'Mathieu Deplagne', 'François Bellugou', 'Karim Azamoum', 'Tristan Dingomé', 'Saîf-Eddine Khaoui', 'Samuel Grandsir', 'Adama Niane']"
24-9-2017,Saint-Etienne ,Rennes ,2,2,"['Stéphane Ruffier', 'Loïc Perrin', 'K. Théophile-Catherine', 'Saidy Janko', 'Gabriel Silva', 'Ronaël Pierre-Gabriel', 'Assane Dioussé', 'Ole Selnaes', 'Rémy Cabella', 'Jonathan Bamba', 'Loïs Diony']","['Tomas Koubek', 'Joris Gnagnon', 'Ludovic Baal', 'Hamari Traoré', 'Ramy Bensebaini', 'Benjamin André', 'Sanjin Prcic', 'Wahbi Khazri', 'Benjamin Bourigeaud', 'Ismaïla Sarr', 'Firmin Mubele']"
24-9-2017,Strasbourg ,Nantes ,1,2,"['Bingourou Kamara', 'Kader Mangane', 'Bakary Koné', 'Ernest Seka', 'Kenny Lala', 'Jonas Martin', 'Jean-Eudes Aholou', 'Benjamin Corgnet', 'Dimitri Liénard', 'Ihsan Sacko', 'Nuno Da Costa']","['Ciprian Tatarusanu', 'Nicolas Pallois', 'Chidozie Awaziem', 'Andrei Girotto', 'Lucas Lima', 'Enock Kwateng', 'Léo Dubois', 'Abdoulaye Touré', 'Adrien Thomasson', 'Emiliano Sala', 'Préjuce Nakoulma']"
24-9-2017,Marseille ,Toulouse FC ,2,0,"['Steve Mandanda', 'Rolando', 'Adil Rami', 'Jordan Amavi', 'Hiroki Sakai', 'Luiz Gustavo', 'André Zambo Anguissa', 'Florian Thauvin', 'Lucas Ocampos', 'Dimitri Payet', 'Clinton Njie']","['Alban Lafont', 'Christopher Jullien', 'Kelvin Amian', 'Issa Diop', 'François Moubandje', 'Yannick Cahuzac', 'Giannelli Imbula', 'Jimmy Durmaz', 'Ola Toivonen', 'Somalia', 'Corentin Jean']"
29-9-2017,Monaco ,Montpellier ,1,1,"['Danijel Subasic', 'Kamil Glik', 'Jemerson', 'Djibril Sidibé', 'Almamy Touré', 'Fabinho', 'Youri Tielemans', 'Thomas Lemar', 'Rony Lopes', 'Stevan Jovetic', 'Radamel Falcao']","['Benjamin Lecomte', 'Daniel Congré', 'Vitorino Hilton', 'Pedro Mendes', 'Jérôme Roussillon', 'Ruben Aguilar', 'Paul Lasne', 'Ellyes Skhiri', 'Stéphane Sessègnon', 'Casimir Ninga', 'Isaac Mbenza']"
30-9-2017,Paris S-G ,Bordeaux ,6,2,"['Alphonse Areola', 'Marquinhos', 'Presnel Kimpembe', 'Yuri Berchiche', 'Thomas Meunier', 'Marco Verratti', 'Adrien Rabiot', 'Julian Draxler', 'Edinson Cavani', 'Neymar', 'Kylian Mbappé']","['Benoît Costil', 'Jérémy Toulalan', 'Vukasin Jovanovic', 'Youssouf Sabaly', 'Théo Pellenard', 'Otávio', 'Younousse Sankharé', 'Lukas Lerager', 'Malcom', 'François Kamano', 'Nicolas de Préville']"
30-9-2017,Dijon ,Strasbourg ,1,1,"['Baptiste Reynet', 'Papy Djilobodji', 'Cédric Yambéré', 'Valentin Rosier', 'Fouad Chafik', 'Jordan Marié', 'Romain Amalfitano', 'Xeka', 'Naïm Sliti', 'Wesley Saïd', 'Benjamin Jeannot']","['Bingourou Kamara', 'Kader Mangane', 'Bakary Koné', 'Ernest Seka', 'Kenny Lala', 'Jonas Martin', 'Jean-Eudes Aholou', 'Dimitri Liénard', 'Benjamin Corgnet', 'Idriss Saadi', 'Nuno Da Costa']"
30-9-2017,Guingamp ,Toulouse FC ,1,1,"['Karl-Johan Johnsson', 'Jérémy Sorbon', 'Christophe Kerbrat', 'Felix Eboa Eboa', 'Pedro Rebocho', 'Etienne Didot', 'Lucas Deaux', 'Moustapha Diallo', 'Jimmy Briand', 'Marcus Thuram', 'Yannis Salibur']","['Alban Lafont', 'Steeve Yago', 'Christopher Jullien', 'Kelvin Amian', 'François Moubandje', 'Issiaga Sylla', 'Alexis Blin', 'Giannelli Imbula', 'Somalia', 'Corentin Jean', 'Andy Delort']"
30-9-2017,Nantes ,Metz ,1,0,"['Ciprian Tatarusanu', 'Koffi Djidji', 'Diego Carlos', 'Léo Dubois', 'Lucas Lima', 'Valentin Rongier', 'Abdoulaye Touré', 'Yassine El Ghanassy', 'Adrien Thomasson', 'Emiliano Sala', 'Préjuce Nakoulma']","['Eiji Kawashima', 'Chris Philipps', 'Milan Bisevac', 'Iván Balliu', 'Moussa Niakhaté', 'Benoît Assou-Ekotto', 'Gerónimo Poblete', 'Renaud Cohade', 'Mathieu Dossevi', 'Nolan Roux', 'Opa Nguette']"
30-9-2017,Rennes ,Caen ,0,1,"['Tomas Koubek', 'Gerzino Nyamsi', 'Joris Gnagnon', 'Ramy Bensebaini', 'Ludovic Baal', 'Hamari Traoré', 'Benjamin André', 'Morgan Amalfitano', 'Wahbi Khazri', 'Benjamin Bourigeaud', 'Firmin Mubele']","['Rémy Vercoutre', 'Romain Genevois', 'Damien Da Silva', 'Frédéric Guilbert', 'Adama Mbengue', 'Youssef Aït Bennasser', 'Jan Repas', 'Julien Féret', 'Hervé Bazile', 'Ronny Rodelin', 'Ivan Santini']"
1-10-2017,ESTAC Troyes ,Saint-Etienne ,2,1,"['Mamadou Samassa', 'Christophe Hérelle', 'Jimmy Giraudon', 'Charles Traoré', 'Jérémy Cordoval', 'Tristan Dingomé', 'Karim Azamoum', 'Saîf-Eddine Khaoui', 'Bryan Pelé', 'Samuel Grandsir', 'Hyun-jun Suk']","['Stéphane Ruffier', 'Loïc Perrin', 'K. Théophile-Catherine', 'Saidy Janko', 'Ronaël Pierre-Gabriel', 'Assane Dioussé', 'Vincent Pajot', 'Hernani', 'Kevin Monnet-Paquet', 'Rémy Cabella', 'Jonathan Bamba']"
1-10-2017,Angers ,Lyon ,3,3,"['Alexandre Letellier', 'Romain Thomas', 'Ismaël Traoré', 'Yoann Andreu', 'Vincent Manceau', 'Thomas Mangani', 'Baptiste Santamaria', 'Flavien Tait', 'Angelo Fulgini', 'Enzo Crivelli', 'Karl Toko Ekambi']","['Anthony Lopes', 'Marcelo', 'Mouctar Diakhaby', 'Ferland Mendy', 'Rafael', 'Lucas Tousart', 'Tanguy Ndombele', 'Bertrand Traoré', 'Mariano', 'Memphis Depay', 'Nabil Fekir']"
1-10-2017,Nice ,Marseille ,2,4,"['Yoan Cardinale', 'Malang Sarr', 'Dante', 'Maxime Le Marchand', 'Arnaud Souquet', 'Nampalys Mendy', 'Jean-Michaël Seri', 'Pierre Lees-Melou', 'Allan Saint-Maximin', 'Mario Balotelli', 'Alassane Pléa']","['Steve Mandanda', 'Rolando', 'Adil Rami', 'Hiroki Sakai', 'Jordan Amavi', 'Luiz Gustavo', 'André Zambo Anguissa', 'Dimitri Payet', 'Florian Thauvin', 'Lucas Ocampos', 'Clinton Njie']"
20-11-2017,Amiens ,Lille ,3,0,"['Régis Gurtner', 'Khaled Adenon', 'Bakaye Dibassy', 'Julien Ielsch', 'Oualid El Hajjam', 'Danilo Avelar', ""Guy N'Gosso"", 'Harisson Manzala', 'Gaël Kakuta', 'Serge Gakpé', 'Lacina Traoré']","['Mike Maignan', 'Ibrahim Amadou', 'Edgar Ié', 'Junior Alonso', 'Fodé Ballo-Touré', 'Kévin Malcuit', 'Thiago Mendes', 'Thiago Maia', 'Anwar El Ghazi', 'Luiz Araujo', 'Nicolas Pépé']"
13-10-2017,Lyon ,Monaco ,3,2,"['Anthony Lopes', 'Mapou Yanga-Mbiwa', 'Mouctar Diakhaby', 'Ferland Mendy', 'Kenny Tete', 'Lucas Tousart', 'Tanguy Ndombele', 'Houssem Aouar', 'Bertrand Traoré', 'Nabil Fekir', 'Mariano']","['Danijel Subasic', 'Terence Kongolo', 'Kamil Glik', 'Jemerson', 'Almamy Touré', 'João Moutinho', 'Souahilo Meïté', 'Thomas Lemar', 'Adama Traoré', 'Rony Lopes', 'Keita Baldé']"
